小戏骨：放开那三国,咕噜噜
小戏骨：放开那三国,城市剑客
小戏骨：放开那三国,sunman
小戏骨：放开那三国,禾蔚风车
小戏骨：放开那三国,L
小戏骨：放开那三国,蔣天清
小戏骨：放开那三国,呼噜娃
小戏骨：放开那三国,无知的狂妄
小戏骨：放开那三国,豆瓣是个好同志
小戏骨：放开那三国,流量君
小戏骨：放开那三国,花花介介
小戏骨：放开那三国,花花介介
小戏骨：放开那三国,Amy
小戏骨：放开那三国,花花介介
小戏骨：放开那三国,Candy
小戏骨：放开那三国,Miss X
小戏骨：放开那三国,Excen
小戏骨：放开那三国,孙悟凌的风
小戏骨：放开那三国,火箭
小戏骨：放开那三国,谷米-见龙在田-
小戏骨：放开那三国,旁观者
小戏骨：放开那三国,花花介介
小戏骨：放开那三国,Messi
小戏骨：放开那三国,花花介介
小戏骨：放开那三国,地球是我做的
小戏骨：放开那三国,鼹鼠的土豆
小戏骨：放开那三国,蔚蓝
小戏骨：放开那三国,奶茶睡不醒
小戏骨：放开那三国,寒夏
小戏骨：放开那三国,大战楚霸王
小戏骨：放开那三国,派爷
小戏骨：放开那三国,游来游去的庄周
小戏骨：放开那三国,Lucky  lucky
小戏骨：放开那三国,资深影评人
小戏骨：放开那三国,Rivers
小戏骨：放开那三国,大清新
小戏骨：放开那三国,匆匆又过客
小戏骨：放开那三国,湉湉
小戏骨：放开那三国,明月几时有
生存家族,杜佳骏Issac
生存家族,朽木立夏烂木头
生存家族,隔壁班的胖子
生存家族,懵星
生存家族,鹿不鹿
生存家族,kiki204629
生存家族,作者清凉
生存家族,小J²
生存家族,流量君
生存家族,blackcream
生存家族,寡狗
生存家族,达塔南
生存家族,十八
生存家族,临含
生存家族,谭昕swag
生存家族,Frank
生存家族,采榆父
生存家族,野评人
生存家族,李小军电影日常
生存家族,蓝鼻子猫
生存家族,永乐
生存家族,suejet
生存家族,杏仁糖俟
生存家族,勇往值钱大大狗
生存家族,六米前的水
生存家族,黄道吉日
生存家族,JO是一头摄影狮
生存家族,哼哼.竺
生存家族,Chxuu
生存家族,凌麦儿
生存家族,赤森
生存家族,Landy
生存家族,秋刀咸鳄鱼
生存家族,洗衣机
生存家族,芹泽虾饺菌
生存家族,louiseandrea
生存家族,每天电影吐槽
生存家族,李姨婆
生存家族,大战楚霸王
生存家族,两万
黑执事：大西洋之书,amewaocean
黑执事：大西洋之书,floyd999999
黑执事：大西洋之书,娘口三三喵
黑执事：大西洋之书,Kaba
黑执事：大西洋之书,冬照其景
黑执事：大西洋之书,蛋蛋
黑执事：大西洋之书,昙天火
黑执事：大西洋之书,otaku
黑执事：大西洋之书,白奕
黑执事：大西洋之书,可爱多
黑执事：大西洋之书,Alex
黑执事：大西洋之书,纳兹咩 takaxi
黑执事：大西洋之书,柠檬味的大珺珺
黑执事：大西洋之书,青青子衿
黑执事：大西洋之书,A班江直树
黑执事：大西洋之书,大战楚霸王
伤物语3：冷血篇,潇洒remind
伤物语3：冷血篇,亚鱼
伤物语3：冷血篇,DbWarmSun
伤物语3：冷血篇,冰苏糖
伤物语3：冷血篇,猫猫
伤物语3：冷血篇,长歌行
伤物语3：冷血篇,夔晓导演剪辑
《西贡小姐》二十五周年表演,旅行的姿态-tangxj
《西贡小姐》二十五周年表演,Floyue
《西贡小姐》二十五周年表演,掌机
《西贡小姐》二十五周年表演,芍药
《西贡小姐》二十五周年表演,ee
《西贡小姐》二十五周年表演,Muxi
伤物语2：热血篇,floyd999999
伤物语2：热血篇,猫猫
伤物语2：热血篇,今沢さん
伤物语2：热血篇,做事不能设假设
伤物语2：热血篇,小魔仙非非
理查三世,b612
理查三世,billymccaw
理查三世,劳月
理查三世,floyd999999
理查三世,大铁十字
理查三世,hello戴茜
理查三世,非良人何须情深
理查三世,🖖🏿
亨利六世：第二部分,HitchHiker_1050
亚人2：冲突,小天
亚人2：冲突,瑒_子
柠檬水,查尔斯先生
柠檬水,吃个瓜吧
柠檬水,lost me in
柠檬水,核弹西兰花
吹响悠风号：欢迎来到北宇治高中吹奏乐部,半吊子厨师
吹响悠风号：欢迎来到北宇治高中吹奏乐部,donglijie
少女与战车 剧场版,AniTama
少女与战车 剧场版,AniTama
少女与战车 剧场版,AniTama
少女与战车 剧场版,AniTama
少女与战车 剧场版,I_Belif
少女与战车 剧场版,AniTama
少女与战车 剧场版,AniTama
少女与战车 剧场版,AniTama
少女与战车 剧场版,AniTama
少女与战车 剧场版,AniTama
少女与战车 剧场版,xasyyy
少女与战车 剧场版,xasyyy
少女与战车 剧场版,白马
少女与战车 剧场版,非良人何须情深
少女与战车 剧场版,做事不能设假设
少女与战车 剧场版,小魔仙非非
布兰卡和弹吉他的人,姬无梨
布兰卡和弹吉他的人,kiki204629
布兰卡和弹吉他的人,风吹乱我呆毛
布兰卡和弹吉他的人,漓水人家
布兰卡和弹吉他的人,孙喵喵
布兰卡和弹吉他的人,艾薇儿
布兰卡和弹吉他的人,FKE
布兰卡和弹吉他的人,控
布兰卡和弹吉他的人,拾壹
布兰卡和弹吉他的人,qiuqiu
布兰卡和弹吉他的人,紫涵
布兰卡和弹吉他的人,段段
布兰卡和弹吉他的人,老羊
Love Live! 剧场版,陆秋槎
Love Live! 剧场版,AniTama
Love Live! 剧场版,敢死队防盗锁
Love Live! 剧场版,さいかー友紀
Love Live! 剧场版,Kasari-Nancy
Love Live! 剧场版,稻草人
Love Live! 剧场版,anonymous_user
希德尼娅的骑士 剧场版,AniTama
希德尼娅的骑士 剧场版,AniTama
希德尼娅的骑士 剧场版,AniTama
希德尼娅的骑士 剧场版,接客伯
神秘博士：最后的圣诞,Raison d'Être 
神秘博士：最后的圣诞,✪ω✪
神秘博士：最后的圣诞,hello戴茜
熟悉的陌生人,流浪的四倍体
熟悉的陌生人,null
熟悉的陌生人,I.Ivanovic
姆明：漫游蓝湾,iriselite
姆明：漫游蓝湾,Whippoorwill
小楼的奇幻生活,仙女山的月亮
小楼的奇幻生活,流量君
小楼的奇幻生活,Blanche tian
小楼的奇幻生活,木果果
小楼的奇幻生活,kiki204629
小楼的奇幻生活,小木民矮子星
小楼的奇幻生活,三六十八
小楼的奇幻生活,X.J.H
小楼的奇幻生活,find
小楼的奇幻生活,-葵央
小楼的奇幻生活,电影天堂
小楼的奇幻生活,星星上的河水
小楼的奇幻生活,weeniee怡宝
小楼的奇幻生活,yxxhyyy
小楼的奇幻生活,brandesse
小楼的奇幻生活,潜水特工组
小楼的奇幻生活,此物从来示于己
小楼的奇幻生活,哈
小楼的奇幻生活,吊炸天
小楼的奇幻生活,派爷
太秦灯光下,千君白雪
太秦灯光下,夏季的天空
太秦灯光下,汀上白沙
太秦灯光下,Enjolras
太秦灯光下,IAN-Cheung🇺🇸
太秦灯光下,流量君
太秦灯光下,gooddyw.com
太秦灯光下,未老自重
太秦灯光下,壬颜者
太秦灯光下,King
太秦灯光下,Ye
鲁邦三世：次元大介的墓碑,Wendying
免费入睡,饭饭
免费入睡,老羊
免费入睡,梁朝月
免费入睡,钰芳
免费入睡,joy
免费入睡,LePetitPrince
免费入睡,Judy
免费入睡,xinxin
艾弗森,痞子老九
艾弗森,Ariadne
艾弗森,七枷社
艾弗森,艾上小尹
杰克,石板栽花
杰克,海岸
杰克,请叫咪哆哆
古剑奇谭2：永夜初晗,墨色山樱
古剑奇谭2：永夜初晗,开心就好
帷幕：波洛的最后一案,M好きだ
帷幕：波洛的最后一案,盐紧
帷幕：波洛的最后一案,海畔居士
帷幕：波洛的最后一案,Sudhir黄
帷幕：波洛的最后一案,黄登登
帷幕：波洛的最后一案,一颗糖
流浪的尤莱克,lydia祎
流浪的尤莱克,迷糊的大马哈鱼
流浪的尤莱克,女边依乔
流浪的尤莱克,Quencee
流浪的尤莱克,我的名字叫杨阳
流浪的尤莱克,大脸猫大脸猫穿
流浪的尤莱克,无忧无虑的叶紫
流浪的尤莱克,小灰猫
生命如此美好,无限盒子
生命如此美好,石板栽花
生命如此美好,壹贰得贰
生命如此美好,wavyfly
生命如此美好,四酒儿
生命如此美好,生善
生命如此美好,青田
生命如此美好,帅气的好心人
生命如此美好,Dragon
生命如此美好,面包树上的女人
生命如此美好,流量君
生命如此美好,家人
生命如此美好,一个人de裸奔
生命如此美好,娟娃子
生命如此美好,流光喜事
生命如此美好,小牢骚
生命如此美好,请叫咪哆哆
生命如此美好,菠萝吹灰
生命如此美好,十三张
生命如此美好,当我想起你
生命如此美好,恋梦
生命如此美好,小狗纸
狗十三,Mada
狗十三,时间之葬
狗十三,你曾是少年🍃
狗十三,三体重症患者
狗十三,小榛子——多央
狗十三,雨来
狗十三,SELVEN
狗十三,锐利修蕊
狗十三,木卫二
狗十三,舒弦
狗十三,小太阳
狗十三,噢还有
狗十三,懿罂
狗十三,Hello Nico
狗十三,满脑子坏水
狗十三,跳板
狗十三,AilsonAir
狗十三,arthurlo
狗十三,童莘
狗十三,欧阳文子
狗十三,蓝格子
狗十三,神乐
狗十三,云母
狗十三,草西
狗十三,像一朵花
狗十三,SB你好
狗十三,你的刀太慢了
寂静人生,路人甲
寂静人生,长女
寂静人生,桂鱼
寂静人生,Colman
寂静人生,不吃番茄的猫
月光诗篇,西西
月光诗篇,unintendedlam
月光诗篇,阿随
月光诗篇,Xena大月亮
月光诗篇,祐佐哉
月光诗篇,田曲由
月光诗篇,解得
月光诗篇,昊子
月光诗篇,荷纳梨
月光诗篇,Mad world
月光诗篇,莫非
月光诗篇,解得
月光诗篇,解得
月光诗篇,Izze
月光诗篇,大米
月光诗篇,Dr在1992
出路,hoglu
出路,Vangle Xia
出路,Raid
出路,大熊君
出路,光州客
出路,IAN-Cheung🇺🇸
出路,鲁西西
出路,XCAI35
出路,浮尘客
出路,柚子茶
出路,派爷
出路,若愚PREACH
旧罪的阴影,哥特金属私生子
旧罪的阴影,乌龙书院洒扫
现实之舞,王斯王
现实之舞,Checkmate
现实之舞,Slacker
现实之舞,DUDUTANG
现实之舞,bi
现实之舞,simpleday
现实之舞,阿席达卡
现实之舞,凡高的土豆
现实之舞,光影我世界
现实之舞,p
现实之舞,laogao
那天妈妈来看我,凉菇的安而遇随
那天妈妈来看我,棒棒
那天妈妈来看我,熊出没008
那天妈妈来看我,待我明白
那天妈妈来看我,小妖
那天妈妈来看我,俊河
那天妈妈来看我,睡睡睡醒了吗
那天妈妈来看我,Leo
那天妈妈来看我,笑❤
那天妈妈来看我,猫酱
那天妈妈来看我,向南
那天妈妈来看我,青菜
那天妈妈来看我,海岛呀"
那天妈妈来看我,夏仇
那天妈妈来看我,不自然なガール
那天妈妈来看我,加载中
那天妈妈来看我,噜撸撸
我亲爱的甜橙树,GlaceEau
我亲爱的甜橙树,芥末
我亲爱的甜橙树,[已注销]
我亲爱的甜橙树,klzz
我亲爱的甜橙树,小正难得
我亲爱的甜橙树,曹稿纸
我亲爱的甜橙树,totoro-us
我亲爱的甜橙树,西西羽
我亲爱的甜橙树,晴天宝宝~
我亲爱的甜橙树,宋小宝本人
我亲爱的甜橙树,melon
奇特的故事,流量君
奇特的故事,楚小葵
奇特的故事,一个人的狂欢
奇特的故事,沙璃酱不发胖
奇特的故事,请叫咪哆哆
奇特的故事,Among
奇特的故事,一万帧电影
奇特的故事,非良人何须情深
奇特的故事,渲染你的微笑
奇特的故事,当我想起你
奇特的故事,木嗯
奇特的故事,小狗纸
无法避免的战争,[已注销]
无法避免的战争,管竺
无法避免的战争,吕途
无法避免的战争,ArcticRim
无法避免的战争,neo-mainstream
无法避免的战争,anna
无法避免的战争,小舞舞
无法避免的战争,王安石
无法避免的战争,贫道信佛+
无法避免的战争,cjrcl
无法避免的战争,- -
无法避免的战争,angli·贺六浑
无法避免的战争,晴明
无法避免的战争,空气
无法避免的战争,任逍遥
无法避免的战争,[已注销]
无法避免的战争,Xaos Geneto
无法避免的战争,方嘀嘀
无法避免的战争,托马斯回旋棒
美丽心境界,Phoebe
美丽心境界,自在我思
美丽心境界,AnTTT
壳中少女：排气,mjmk
壳中少女：排气,合格
今夕何夕,SATURaiN
今夕何夕,feeling
今夕何夕,黄牌红茶
今夕何夕,聿七
今夕何夕,就愛檸檬這味
今夕何夕,猜不到的结局
今夕何夕,小颖子
今夕何夕,晨星风语
今夕何夕,王玉勤
今夕何夕,闻香识女人
今夕何夕,一汪浪漫
今夕何夕,qiuamber
今夕何夕,小雪
今夕何夕,等待
娜美篇 航海士的眼泪与牵绊,sosovipp
娜美篇 航海士的眼泪与牵绊,sosovipp
娜美篇 航海士的眼泪与牵绊,浓九九
娜美篇 航海士的眼泪与牵绊,音遊人
布拉姆的异想世界,九月
布拉姆的异想世界,啦啦
魔法少女奈叶The MOVIE 2nd A's,未来永劫
魔法少女奈叶The MOVIE 2nd A's,M型居士
魔法少女奈叶The MOVIE 2nd A's,星＠空过客
魔法少女奈叶The MOVIE 2nd A's,青砖灰瓦
图书馆战争：革命之翼,未来永劫
图书馆战争：革命之翼,抹茶大福君
图书馆战争：革命之翼,水手月亮大魔王
图书馆战争：革命之翼,何如
图书馆战争：革命之翼,晦涩的辣鸡面
图书馆战争：革命之翼,婵非禅
图书馆战争：革命之翼,陆小白
图书馆战争：革命之翼,MilkC-WOO
没有无辜的旁观者,大红苹果
没有无辜的旁观者,撒野
没有无辜的旁观者,[已注销]
没有无辜的旁观者,凌晨
没有无辜的旁观者,吐司
没有无辜的旁观者,加载中
摩斯探长前传 试映集,vam
摩斯探长前传 试映集,清风若水
摩斯探长前传 试映集,imp
摩斯探长前传 试映集,vivian77
摩斯探长前传 试映集,白塔
摩斯探长前传 试映集,渲染你的微笑
摩斯探长前传 试映集,米娅麻麻
完美对垒,白胖饺子
完美对垒,彼时青木
完美对垒,嫉恶如仇大熊君
完美对垒,浮世鸿云
完美对垒,zhi(ggli)
完美对垒,舍之介
完美对垒,scenery
完美对垒,吸血鬼伯爵
完美对垒,请叫咪哆哆
完美对垒,美猴王楠哥
一点小信仰,.
一点小信仰,村夫
一点小信仰,拉比
一点小信仰,XHJ
一点小信仰,Tara
一点小信仰,无病呻吟
一点小信仰,蓝色海风
一点小信仰,IRA
永不独行,anghoo
永不独行,|大屁狗。|
永不独行,Moony
永不独行,Miss莉莉安
永不独行,Miss莉莉安
永不独行,常腾无痕
永不独行,魚小腩多普洛斯
跳芭蕾舞的男孩,White Mint
跳芭蕾舞的男孩,随游人
跳芭蕾舞的男孩,Lamfy小小卷
跳芭蕾舞的男孩,阿进
跳芭蕾舞的男孩,柠檬时钟
跳芭蕾舞的男孩,炒饭来张口
五月的四天,余骚斋主翁最萌
五月的四天,思语
五月的四天,先锋厅不如电影
五月的四天,Histone
五月的四天,dtxipi
五月的四天,海子
五月的四天,豆瓣酱
五月的四天,落寞之城
五月的四天,unllikesky
五月的四天,小八
五月的四天,burubuyao
五月的四天,请叫咪哆哆
五月的四天,红笺为无色
五月的四天,小狗纸
回阵,迪迪
回阵,nic061009
回阵,灰处留心
回阵,迪恩
回阵,chenyqswu
回阵,卢小鱼
回阵,adesperado
回阵,Livingmummy
回阵,阳光
回阵,jolinwu
回阵,小小斌
回阵,fanlix
回阵,电影疯评
回阵,BileLi
回阵,张小胖
回阵,沙壤尖尖
谜之音,開到荼蘼花事了
谜之音,沐浴阳光的田地
蓝学校,Kaspar
蓝学校,懋 生丶
蓝学校,浅草嫣然
蓝学校,感性男孩
蓝学校,塵微
蓝学校,爻爻默
蓝学校,做事不能设假设
飞哥与小佛的时空大冒险,苍蓝
博学无术,Filestorm
博学无术,水货
博学无术,梅心晴
博学无术,者
博学无术,miesenberger
博学无术,Kanki Gu
博学无术,CC
博学无术,我个乖怪
博学无术,MT
博学无术,渲染你的微笑
博学无术,wxyer
便当盒里的小秘密,Rancho.
便当盒里的小秘密,PL邓小闲
便当盒里的小秘密,Betty
便当盒里的小秘密,淮之南
讲台深处,leon
讲台深处,半支烟
攻壳机动队SSS 3D,★☆☆☆☆
攻壳机动队SSS 3D,心向远方
攻壳机动队SSS 3D,老农民
阿曼尼亚：欢迎来到德国,Menuett
阿曼尼亚：欢迎来到德国,E for Eva
阿曼尼亚：欢迎来到德国,不流
阿曼尼亚：欢迎来到德国,chestnut girl
阿曼尼亚：欢迎来到德国,玳玳
阿曼尼亚：欢迎来到德国,❦丗 卜
阿曼尼亚：欢迎来到德国,剛出土的閨女
阿曼尼亚：欢迎来到德国,Omaiga
阿曼尼亚：欢迎来到德国,苏俊-木光联谊
阿曼尼亚：欢迎来到德国,白芨
阿曼尼亚：欢迎来到德国,vicki
阿曼尼亚：欢迎来到德国,小茶叶
阿曼尼亚：欢迎来到德国,浮世鸿云
阿曼尼亚：欢迎来到德国,一个小仙女
阿曼尼亚：欢迎来到德国,兔子
阿曼尼亚：欢迎来到德国,あお 蒼
阿曼尼亚：欢迎来到德国,老爷爷
阿曼尼亚：欢迎来到德国,十一
天天好天,麦米籽粒
天天好天,哇哇哇哇哇
天天好天,rabbitfish
天天好天,许洎央
天天好天,🐰疯早早🎈free
天天好天,Maileng
天天好天,twj119
天天好天,野人松木
天天好天,请叫咪哆哆
天天好天,宇宙第一帅
天天好天,wxyer
天天好天,wxyer
苍穹之法芙娜：天堂和地球,洛。
苍穹之法芙娜：天堂和地球,浅夜眠
苍穹之法芙娜：天堂和地球,已注销
停靠,流西
停靠,花痴袭人
停靠,olivia心若琉璃
停靠,AseaDOG
停靠,洛夕成成
停靠,樱
停靠,北极熊
停靠,漓水人家
停靠,Descartes 
停靠,风衣合主食
停靠,6日
停靠,无所事事
停靠,盘古
停靠,达生
停靠,SigridW
停靠,啦尔啦卷卷
停靠,spoon
停靠,wu
停靠,胖胖
停靠,非常厚溥
停靠,七叶一枝花
停靠,嘿！羊驼
停靠,Meng_
停靠,trenchcoat
停靠,Smokey
停靠,金在和
停靠,离殇梦
永远活下去,满脑子坏水
永远活下去,Dexter S
永远活下去,向往中庸
永远活下去,亵渎电影
永远活下去,L梵希
永远活下去,Simpson_PC
永远活下去,玩到厌
永远活下去,西江月月
永远活下去,fish115
巧舌如父,苹果格格
哥哥的烟火,K桑
哥哥的烟火,❀。斑
哥哥的烟火,芒夏生
哥哥的烟火,柠檬C芒果冰
哥哥的烟火,灰蓝荷墨
哥哥的烟火,花点线
哥哥的烟火,:::Sinlim:::
哥哥的烟火,小曾伽
哥哥的烟火,Big City 
哥哥的烟火,狗yi巴草
哥哥的烟火,mozarter
哥哥的烟火,连辰晓
哥哥的烟火,四月的苹果树
哥哥的烟火,ada
哥哥的烟火,纯黑色、独白
哥哥的烟火,早口小姐
哥哥的烟火,文乃
哥哥的烟火,King
哥哥的烟火,加载中
哥哥的烟火,TATAHAHA
哥哥的烟火,Ye
哥哥的烟火,忘记
哥哥的烟火,小雪
哥哥的烟火,祝铤
这样的爱,大明湖仙人
这样的爱,西帕克
这样的爱,已注销
这样的爱,Dfgs
这样的爱,Miu's
这样的爱,静时
这样的爱,alfredo
这样的爱,维维安的天空
这样的爱,海象
这样的爱,凹草
这样的爱,WANGBA MUSIC
这样的爱,天才
这样的爱,暖榭
这样的爱,夜舞
这样的爱,云间客
这样的爱,Sayo
这样的爱,么么
这样的爱,┾断了の誸┾
这样的爱,PeterMa
这样的爱,[已注销]
这样的爱,Yx
这样的爱,神甫
这样的爱,DogMamma
这样的爱,咔嗒安可
这样的爱,小胖纸方枪枪
这样的爱,塵冉
幸存的生命（理论与实践）,woniu2048
幸存的生命（理论与实践）,两头烧蜡烛
你想要的一切,雁渡寒潭
你想要的一切,nick
你想要的一切,吵
最狂野的梦想：征服珠峰,肥壮壮
最狂野的梦想：征服珠峰,Favillae
最狂野的梦想：征服珠峰,蓝调共和
最狂野的梦想：征服珠峰,的的
最狂野的梦想：征服珠峰,jienao
最狂野的梦想：征服珠峰,粉条海洋
最狂野的梦想：征服珠峰,阿尔达的星空
最狂野的梦想：征服珠峰,半支烟
最狂野的梦想：征服珠峰,Siegismund
最狂野的梦想：征服珠峰,妖贰灵
最狂野的梦想：征服珠峰,hakuna matata
最狂野的梦想：征服珠峰,颉
最狂野的梦想：征服珠峰,依米花开
最狂野的梦想：征服珠峰,invoker
最狂野的梦想：征服珠峰,...小小...
最狂野的梦想：征服珠峰,cating
最狂野的梦想：征服珠峰,過期牛奶
最狂野的梦想：征服珠峰,枯藤和老虎
最狂野的梦想：征服珠峰,fafa080910
最狂野的梦想：征服珠峰,半支烟
最狂野的梦想：征服珠峰,半支烟
最狂野的梦想：征服珠峰,做事不能设假设
最狂野的梦想：征服珠峰,神甫
科帕卡巴纳,人间的精灵
科帕卡巴纳,小米米的米
科帕卡巴纳,果丹皮吃掉啦
科帕卡巴纳,铁志
科帕卡巴纳,.弥
科帕卡巴纳,Mia RB
科帕卡巴纳,小猪同学
科帕卡巴纳,神甫
毛嗑儿,透明
毛嗑儿,云游的猫
毛嗑儿,dlh
毛嗑儿,小灰灰-画
毛嗑儿,香酥小肉丸
毛嗑儿,毛昆仑
毛嗑儿,南京陈光
毛嗑儿,培烜
毛嗑儿,灿烂千阳
毛嗑儿,托卡里
毛嗑儿,miao
毛嗑儿,伞之蓝
不要摄像机,beanzc
不要摄像机,甜
不要摄像机,SKR125
不要摄像机,hengzio
不要摄像机,麦麦
不要摄像机,Z
不要摄像机,L.J.
不要摄像机,大花
不要摄像机,爛舟
不要摄像机,hengzio
不要摄像机,石榴
不要摄像机,武武
不要摄像机,没人能发现我
赤脚梦想,作死大王
赤脚梦想,黑暗
赤脚梦想,岩言
赤脚梦想,Mathilda
赤脚梦想,请叫咪哆哆
赤脚梦想,伊比利亚的7
赤脚梦想,南方的狼族
与春同行,本来老六
与春同行,木卫二
与春同行,李春姬
与春同行,风间隼
与春同行,wavyfly
与春同行,叶小俐
与春同行,kiki204629
与春同行,[已注销]
与春同行,小M▎居里夫人
与春同行,Saudade
与春同行,布谷
枪神 剧场版,晴秋
枪神 剧场版,godannar
枪神 剧场版,嬉皮笑脸
这不是弥赛亚,菀树
以德报怨,阿叉
以德报怨,zero1000
以德报怨,防空大炮
以德报怨,斌瑞
以德报怨,伍文慧sunny
以德报怨,防空大炮
以德报怨,蒋恒强
以德报怨,dsjz
以德报怨,蓝阳
无蝉的夏天,Astralagus
无蝉的夏天,既白
无蝉的夏天,Fiona
无蝉的夏天,王绛绿
无蝉的夏天,空空
无蝉的夏天,游侠一笑
无蝉的夏天,酥麻
无蝉的夏天,平淡之心
无蝉的夏天,tiantian
无蝉的夏天,walkman
无蝉的夏天,summer
无蝉的夏天,翡翠丫丫
豆满江,煦风
豆满江,津五渡
豆满江,woniu2048
豆满江,Fancy
豆满江,linki
革命前夕的录音日记,TATA
革命前夕的录音日记,milkalc_tattoo
革命前夕的录音日记,夏天的尾巴
哈姆雷特,考槃
哈姆雷特,Woodring
哈姆雷特,凉意
哈姆雷特,子軒
哈姆雷特,萨若勒
哈姆雷特,宋英洲
哈姆雷特,砉
哈姆雷特,大胡
哈姆雷特,浮世鸿云
哈姆雷特,沙小漏
哈姆雷特,涅瓦纳
哈姆雷特,蟲
哈姆雷特,等待
小岛,seren
小岛,newlight
小岛,桑班的葡萄
小岛,迷湖
小岛,cradle
小岛,待宰小肥狼
小岛,灯火下楼台
小岛,PandoraGreener
小岛,木木
小岛,Megan Lu
小岛,[已注销]
小岛,lxsilence
小岛,Matty
小岛,xudiren
小岛,千默
风愿,辛波零零
风愿,沙沙
风愿,孜莜
风愿,朵朵
风愿,XiuShanZ
风愿,小雪
风愿,忘记
风愿,小雪
风愿,Ye
风愿,wxyer
国家地理：走进迷幻剂,知识青年
国家地理：走进迷幻剂,Psyche
狼,会发笑的茶
狼,zz_ww
狼,野评人
狼,橙小雨
狼,Cc
狼,小挚
祖母,狄米
祖母,何倩彤
祖母,优游卒岁
祖母,把噗
祖母,水男孩的复活
祖母,巴黎沐先生
祖母,打結的人
迈克尔·杰克逊追思会,马英豪
枪声俱乐部,曼特莱斯
枪声俱乐部,北美短腿长颈鹿
枪声俱乐部,zzp
枪声俱乐部,孑然殇逝
枪声俱乐部,向往神驴
枪声俱乐部,羊摩卡
枪声俱乐部,大树
枪声俱乐部,RainY
枪声俱乐部,penn
枪声俱乐部,漓水人家
枪声俱乐部,会飞的兔子
枪声俱乐部,或者
枪声俱乐部,寒水
枪声俱乐部,馒头
枪声俱乐部,hello戴茜
枪声俱乐部,一颗马蹄
枪声俱乐部,宫长月
枪声俱乐部,木炭18
枪声俱乐部,-Gabriel
巴比伦之子,不开灯
巴比伦之子,小朋友
巴比伦之子,漓水人家
巴比伦之子,xiang
阿阿奇与西西帕克,fooltower
阿阿奇与西西帕克,[已注销]
阿阿奇与西西帕克,四月物语
阿阿奇与西西帕克,了了（成都）
阿阿奇与西西帕克,波肉蜜。
阿阿奇与西西帕克,[已注销]
阿阿奇与西西帕克,莫名其妙的尸体
阿阿奇与西西帕克,卡帕的镜头
阿阿奇与西西帕克,logten
阿阿奇与西西帕克,QueenFather
被投石处死的索拉雅·M,巫山雨师
被投石处死的索拉雅·M,桦树立秋
被投石处死的索拉雅·M,思考的猫
被投石处死的索拉雅·M,泡芙味的草莓
被投石处死的索拉雅·M,曹寇
被投石处死的索拉雅·M,桀
被投石处死的索拉雅·M,亵渎电影
被投石处死的索拉雅·M,大红狸子丶
被投石处死的索拉雅·M,soweyln
被投石处死的索拉雅·M,猫king
被投石处死的索拉雅·M,筐筐爸
被投石处死的索拉雅·M,西风独自凉
被投石处死的索拉雅·M,石头摇篮
被投石处死的索拉雅·M,mliageve
被投石处死的索拉雅·M,端沐赐
被投石处死的索拉雅·M,manggv
被投石处死的索拉雅·M,今夜
被投石处死的索拉雅·M,旅行树
被投石处死的索拉雅·M,夏之语
被投石处死的索拉雅·M,SweetRiver
被投石处死的索拉雅·M,zaijieshan
被投石处死的索拉雅·M,lunahehe
被投石处死的索拉雅·M,轩辕三光
被投石处死的索拉雅·M,口阿蝶
被投石处死的索拉雅·M,房女
被投石处死的索拉雅·M,haidb
被投石处死的索拉雅·M,扎瑚岱
纽约,Violet
纽约,虾不见
纽约,等你吃出柠檬
纽约,甜抓饭
纽约,Za
纽约,Echo
纽约,胖儿
纽约,melory
纽约,SunnyJoker
纽约,邪恶博士
纽约,依米33~
纽约,一品棠_庄神
纽约,_____湮。
纽约,路边野花我不采
纽约,叶茂
纽约,长着小雀斑的姑娘
破碎,老七
破碎,星子来啦
60岁的情书,Jambo
60岁的情书,豆牙丸助
60岁的情书,tintin76
60岁的情书,人间四月天
60岁的情书,A teller
60岁的情书,小年左
60岁的情书,Te
无人知晓的波斯猫,木卫二
无人知晓的波斯猫,Robin.Lau
无人知晓的波斯猫,eway
无人知晓的波斯猫,小公主
无人知晓的波斯猫,Liseur
无人知晓的波斯猫,wavyfly
无人知晓的波斯猫,ivanjob2008
无人知晓的波斯猫,陶子
无人知晓的波斯猫,大头夜猫
鲜花,余玦
鲜花,临水人家
鲜花,EMS维护
鲜花,竹中禅
鲜花,吓下夏天
鲜花,mumu
天元突破剧场版：螺岩篇,地球防衛大佐
天元突破剧场版：螺岩篇,老水
天元突破剧场版：螺岩篇,地球防衛大佐
天元突破剧场版：螺岩篇,穿刺
彼岸,joker
彼岸,HaHaiDiD
彼岸,漠烟树
彼岸,KKK
彼岸,大果粒
彼岸,Joshua
彼岸,醉风儿bo
彼岸,米兰春天
彼岸,Pambo
彼岸,小2
彼岸,真_夜叉丸子
彼岸,我也很想他
彼岸,靑庐
彼岸,Julius
彼岸,Phyllis
彼岸,catherine_玲
彼岸,deus
彼岸,冽心
彼岸,fleur
给雅各布神父的信,danyboy
给雅各布神父的信,juni
给雅各布神父的信,λήθη
给雅各布神父的信,优游卒岁
给雅各布神父的信,Jaakobille
给雅各布神父的信,YBS～hss
给雅各布神父的信,差点成真
给雅各布神父的信,jqk
给雅各布神父的信,ponsitree
给雅各布神父的信,反人主义虔诚者
给雅各布神父的信,墨芝
给雅各布神父的信,神甫
给雅各布神父的信,渲染你的微笑
给雅各布神父的信,拾荒者
战火重生,宇辰私想
战火重生,瘦比
战火重生,veronika
战火重生,闻人彧秋
战火重生,废墟之美
战火重生,naixia
战火重生,moscowman
飞出个未来大电影4：绿色狂想,Andy
飞出个未来大电影4：绿色狂想,Moggy
飞出个未来大电影4：绿色狂想,好人一条
飞出个未来大电影4：绿色狂想,huang
飞出个未来大电影4：绿色狂想,超级烧伤
飞出个未来大电影4：绿色狂想,毛羊
飞出个未来大电影4：绿色狂想,Billy Wang
时光之尘,故城
时光之尘,Wenders
时光之尘,Marcel
时光之尘,不开灯
时光之尘,文西
时光之尘,木卫二
时光之尘,皮皮虾
时光之尘,阿诚
时光之尘,芷宁
时光之尘,严彬
时光之尘,对角另一面
时光之尘,[已注销]
时光之尘,花慕狼
时光之尘,wwaone
时光之尘,egwood
时光之尘,种子不死
时光之尘,beulah
时光之尘,浮云。
时光之尘,狂求学
时光之尘,movingdust
时光之尘,mondrovic
时光之尘,陆支羽
时光之尘,成師傅
时光之尘,Lavender
时光之尘,宇宙第一帅
时光之尘,明天早上吃什么
时光之尘,小雪
时光之尘,春风
时光之尘,罐太郎
时光之尘,神甫
恩赐妙手：班·卡森医师,锡安之歌
恩赐妙手：班·卡森医师,半瓶客
恩赐妙手：班·卡森医师,ben
恩赐妙手：班·卡森医师,远方无声鸽
恩赐妙手：班·卡森医师,Queena
恩赐妙手：班·卡森医师,风行水面
恩赐妙手：班·卡森医师,fanghan
恩赐妙手：班·卡森医师,静夜听雨
恩赐妙手：班·卡森医师,有内涵的豆包
恩赐妙手：班·卡森医师,BLū.
恩赐妙手：班·卡森医师,海布里
恩赐妙手：班·卡森医师,-清北
恩赐妙手：班·卡森医师,电影章鱼烧
恩赐妙手：班·卡森医师,蜜
恩赐妙手：班·卡森医师,拾荒者
不是我，我发誓！,穿堂风
不是我，我发誓！,米滋
不是我，我发誓！,三岛由纪虎
不是我，我发誓！,刺猬
在瑞士的日子,猪笼草
在瑞士的日子,亵渎电影
在瑞士的日子,apache
在瑞士的日子,玉玲珑
在瑞士的日子,Qin Qi
在瑞士的日子,悠扬蜗牛
在瑞士的日子,Elárbol
在瑞士的日子,Claire & Lvy
在瑞士的日子,蔡花花儿
在瑞士的日子,梓玥
在瑞士的日子,幻莘魔瞳
在瑞士的日子,壹然
在瑞士的日子,小刘忙
在瑞士的日子,ressitti
在瑞士的日子,某天某人
在瑞士的日子,灵性舞者
在瑞士的日子,白马王子217
在瑞士的日子,芷宁
在瑞士的日子,小行星
在瑞士的日子,一絲不掛
在瑞士的日子,i HOUSE
在瑞士的日子,找北
在瑞士的日子,simple
在瑞士的日子,岳不群
在瑞士的日子,如瓜
在瑞士的日子,路得
西部牛仔太空歌舞剧,河童(自省)
西部牛仔太空歌舞剧,木 偶
西部牛仔太空歌舞剧,sheepwhite
西部牛仔太空歌舞剧,电影怪
西部牛仔太空歌舞剧,晓言楠喃
马丁弗里曼的Motown之旅,巴黎草莓
布吉舞,老羊
布吉舞,プン
布吉舞,八百里
布吉舞,斯维特兰娜
布吉舞,浮世鸿云
布吉舞,和铃
布吉舞,喵绘吃
布吉舞,Riobluemoon
布吉舞,无趣
布吉舞,smzjh
布吉舞,幸运的海盗空间
梅第奇家族：现代艺术缔造者,Felicia
梅第奇家族：现代艺术缔造者,MARTELL
梅第奇家族：现代艺术缔造者,豆豆
梅第奇家族：现代艺术缔造者,kaye
布兰妮：郑重声明,Poehlerbear
布兰妮：郑重声明,收禾
布兰妮：郑重声明,就不验证手机号
布兰妮：郑重声明,チャック
布兰妮：郑重声明,yueyu124
布兰妮：郑重声明,[已注销]
吗啡,哈萨克斯坦大使
吗啡,東方不親
吗啡,猫边野餐
吗啡,吴鞑靼
吗啡,西风独自凉
吗啡,从此心安
吻,宇小敏
吻,stacywan
吻,大力
吻,转
吻,Yuki在海边
吻,汗 铁
吻,Dolly Bell
吻,summer___
吻,ivanjob2008
吻,记录
吻,Mocharlo
吻,axinlove
吻,安小安
吻,神甫
我将在好莱坞长眠,岂有此女
我将在好莱坞长眠,人在桥上走
我将在好莱坞长眠,夜
我将在好莱坞长眠,疯疯爱
我将在好莱坞长眠,童目
我将在好莱坞长眠,长江一笑
我将在好莱坞长眠,花开生两面
我将在好莱坞长眠,已注销
我将在好莱坞长眠,束
我将在好莱坞长眠,裸麦
我将在好莱坞长眠,大草坪
是的，我们行！,城市猎人-Q
是的，我们行！,木卫二
是的，我们行！,jagpumpkin
是的，我们行！,haisx
是的，我们行！,浅草嫣然
是的，我们行！,LDJ
是的，我们行！,Jerry
是的，我们行！,贝蒂尼
李尔王,Fari
李尔王,于果
李尔王,芷宁
李尔王,春灰
李尔王,木质卷曲
李尔王,sisi
李尔王,白乐寒
给斯大林的礼物,onowawa
给斯大林的礼物,与子同袍
给斯大林的礼物,优游卒岁
给斯大林的礼物,独行瞎
给斯大林的礼物,笑乌龟
给斯大林的礼物,拉蒙人
给斯大林的礼物,Andre
吉屋出租：百老汇剧场版,面~
滚拉拉的枪,Dieel Guik
滚拉拉的枪,李小楠
滚拉拉的枪,chenmu
滚拉拉的枪,Mars panda
滚拉拉的枪,科学怪人
滚拉拉的枪,罗子
滚拉拉的枪,那小谁
滚拉拉的枪,布莱克
滚拉拉的枪,七喜
滚拉拉的枪,Tethys萌芙蓉
滚拉拉的枪,江边船号摇
滚拉拉的枪,葆卫良心
滚拉拉的枪,白炽灯
滚拉拉的枪,vitality
滚拉拉的枪,默默用心
滚拉拉的枪,wwaone
滚拉拉的枪,image
滚拉拉的枪,就想租个仓库
滚拉拉的枪,蒙多
滚拉拉的枪,Mr. Infamous
滚拉拉的枪,axinlove
滚拉拉的枪,seamouse
滚拉拉的枪,刘又玄
滚拉拉的枪,奔向耶路撒冷
滚拉拉的枪,比比
滚拉拉的枪,haidb
天元突破剧场版：红莲篇,地球防衛大佐
天元突破剧场版：红莲篇,天痕
天元突破剧场版：红莲篇,卢西发
天元突破剧场版：红莲篇,穿刺
呆瓜的崛起,Falleth
呆瓜的崛起,毛茸小爪
呆瓜的崛起,豹子头林黛玉
呆瓜的崛起,Lala
呆瓜的崛起,[已注销]
呆瓜的崛起,穿刺
呆瓜的崛起,请叫咪哆哆
秋天,小小农
秋天,rollingstone
秋天,一代名伶
秋天,axinlove
秋天,seamouse
秋天,[已注销]
秋天,Victor
秋天,ivanjob2008
秋天,优游卒岁
秋天,太平村民
秋天,神甫
秋天,热荐电影
勿忘我,Vasary. Wong
勿忘我,不动行者
勿忘我,frost
勿忘我,脚裸
勿忘我,暖暖ICY
勿忘我,天坑妹
勿忘我,eyedmini
勿忘我,一片叶子
勿忘我,日间琐事
勿忘我,Adew
勿忘我,加勒比海兔
勿忘我,紫色玻璃鸟
勿忘我,阿拉伯的孩子
勿忘我,化學氣味
勿忘我,伏浮
勿忘我,yuanchanyi
勿忘我,盐太多
山樱,lunahehe
山樱,玛蔻芮
山樱,章鱼触角
山樱,水泥脑袋
山樱,沈荻
山樱,無生
山樱,静水沉岩
山樱,[已注销]
山樱,幸运小帆
山樱,Firedark
山樱,superzff
山樱,艳异
山樱,huuui
山樱,曹寇
山樱,长调
山樱,喵团子
山樱,whyyhw
山樱,FEI
山樱,天资
山樱,King
山樱,小叶女贞
山樱,tomato
山樱,acidburn
山樱,竹林七怪
山樱,竹林七怪
山樱,Ai
山樱,二大王
小小的叛国者,小小农
小小的叛国者,qu2ena
小小的叛国者,小三爷儿
小小的叛国者,总算没人知道我
爱的真谛,同志亦凡人
爱的真谛,okay4587
爱的真谛,月薇澜
爱的真谛,于果
爱的真谛,ppje
爱的真谛,ppje
河狸白毛历险记,狐狸牌葡萄
河狸白毛历险记,小老虎
河狸白毛历险记,[已注销]
追火车日记,Stella
追火车日记,勺勺
追火车日记,零度倾斜
追火车日记,皎子
追火车日记,Fancies
追火车日记,Little Irene
追火车日记,Hartman
追火车日记,昨日已老
追火车日记,猫眼
追火车日记,YS
追火车日记,Z先生
追火车日记,东邪吸毒
追火车日记,阳光是轻的
追火车日记,杨悠悠
追火车日记,小小农
追火车日记,donkee
追火车日记,旧精魂樟櫆枝杈
追火车日记,神甫
追火车日记,Deepmoss
追火车日记,polarisawesome
列国图志之澳大利亚,小飞侠1987
西班牙城堡,declan
西班牙城堡,_johnxiong_
西班牙城堡,海岸
西班牙城堡,木兰华夏
西班牙城堡,装作不认识我
西班牙城堡,wingsung
西班牙城堡,李叔浅
佛在耻辱中倒塌,不开灯
佛在耻辱中倒塌,男娼起义
佛在耻辱中倒塌,红孩儿
佛在耻辱中倒塌,猫眼
佛在耻辱中倒塌,wavyfly
佛在耻辱中倒塌,专业影评818
佛在耻辱中倒塌,Frederick Wang
佛在耻辱中倒塌,Endless
佛在耻辱中倒塌,瑾昕猻
佛在耻辱中倒塌,hitlike
佛在耻辱中倒塌,一个小仙女
香巴拉信使,enemy
香巴拉信使,crean
香巴拉信使,dqma
香巴拉信使,学号14
香巴拉信使,蘇懸安
香巴拉信使,[已注销]
香巴拉信使,大唐影帝
香巴拉信使,SS
香巴拉信使,Mr。東
香巴拉信使,懂得生活
香巴拉信使,boovie
香巴拉信使,mousoon
香巴拉信使,知予
香巴拉信使,欧-锦-赛
香巴拉信使,异想天开的小姐
香巴拉信使,lkf小龙
香巴拉信使,fairylulu
香巴拉信使,马庆云
教宗的洗手间,糖果魔法师。
教宗的洗手间,无聊
教宗的洗手间,[已注销]
教宗的洗手间,泡芙味的草莓
教宗的洗手间,石头摇篮
教宗的洗手间,阿佳妮
教宗的洗手间,聂景朋
教宗的洗手间,到底凡人
教宗的洗手间,湿尿片
教宗的洗手间,桃子夭妖_not alone~
教宗的洗手间,击破苍穹
教宗的洗手间,Marshall
教宗的洗手间,杨欢喜Metiche
教宗的洗手间,轶灵
教宗的洗手间,个个乌
教宗的洗手间,楚门的石头
教宗的洗手间,axinlove
教宗的洗手间,aloneplayer
教宗的洗手间,黄嘉罗琰
教宗的洗手间,大头驴
教宗的洗手间,竹中禅
教宗的洗手间,在雾升起之后
教宗的洗手间,葆卫良心
教宗的洗手间,zoe
教宗的洗手间,老赵
教宗的洗手间,馋宗小沙弥
教宗的洗手间,若仙
教宗的洗手间,江来
教宗的洗手间,阿塌树
教宗的洗手间,mack
教宗的洗手间,220volt_1
教宗的洗手间,arian
教宗的洗手间,kwyjibo
教宗的洗手间,J.K.Tidus
教宗的洗手间,黑枪与玫瑰
教宗的洗手间,有时伤心
教宗的洗手间,飞扬-Josiah
教宗的洗手间,麦琪的礼物
教宗的洗手间,Carpediam
教宗的洗手间,麦兜
教宗的洗手间,木卫二
教宗的洗手间,夏樸
教宗的洗手间,风木
教宗的洗手间,bloompig
教宗的洗手间,ztl
教宗的洗手间,由甲
教宗的洗手间,TATAHAHA
教宗的洗手间,彩霞
一样的月光,杏花顾
一样的月光,泡芙味的草莓
一样的月光,芷宁
一样的月光,fishngai
一样的月光,国士
一样的月光,[已注销]
一样的月光,[已注销]
一样的月光,小蒸包
一样的月光,Choey
一样的月光,蛋白鱼片
一样的月光,乐乐
一样的月光,zhou fan
一样的月光,chenxistar
一样的月光,19850503
一样的月光,vincentspring
一样的月光,老孙
一样的月光,了无形
一样的月光,鸢夜
一样的月光,春田花花牛幼圆
一样的月光,夏古炎
英伦性丑闻,LORENZO
英伦性丑闻,MJØLK
英伦性丑闻,[已注销]
英伦性丑闻,紫月蓝冰
英伦性丑闻,轻离
英伦性丑闻,mollymolly
英伦性丑闻,David
英伦性丑闻,Galaxxxy
英伦性丑闻,yxqwert2
愛と生命と涙の全記録「余命一ヶ月の花嫁」～乳がんと闘った24歳～最後のメッセージ,默默
愛と生命と涙の全記録「余命一ヶ月の花嫁」～乳がんと闘った24歳～最後のメッセージ,默默
The Sky Remains The Same As Ever,废老师
The Sky Remains The Same As Ever,Doublebitch
狗和狼之間的时间,憶舊
与我的园丁对话,lilie
与我的园丁对话,Tiffany
与我的园丁对话,A到Z小姐
与我的园丁对话,Flowerchild
与我的园丁对话,俊桦
与我的园丁对话,从天而降
与我的园丁对话,more
与我的园丁对话,前路迢迢
与我的园丁对话,chyny
与我的园丁对话,拾荒者
加州梦,seamouse
加州梦,木卫二
加州梦,悟空
加州梦,肥肥鹅
加州梦,莫西玛
加州梦,策马扬眉
加州梦,德
加州梦,琧婯
加州梦,摄狼影魔
加州梦,lowheight
加州梦,mmm
加州梦,超级烧伤
加州梦,洒脱
加州梦,juju
加州梦,mises
加州梦,艾博伯
魂归伤膝谷,Sont
魂归伤膝谷,超越边界
魂归伤膝谷,超级烧伤
魂归伤膝谷,大司驴
魂归伤膝谷,纳木萨
魂归伤膝谷,superfair
魂归伤膝谷,sqchen
魂归伤膝谷,猫猫追尾巴
魂归伤膝谷,破子
辛普森一家之24分钟蛋糕卖场反臭弹,[已注销]
二维世界,calf
二维世界,笔是定理
二维世界,FlowerShirt
二维世界,寻常之鱼
二维世界,正谊明道陆明涛
二维世界,光漩
二维世界,fatlun
二维世界,青梅煮酒
二维世界,有点惊喜
雅各布斯和路易威登,小jo很难沟通
雅各布斯和路易威登,静丫
天线,豆瓣GG
天线,angela's cloud
天线,三木
天线,亵渎电影
天线,凉次
天线,夙愿日落
天线,无处告别
天线,音五六//  Jee Zark
天线,张桃
天线,阿普普
天线,万托林
天线,怪黍离
伯特伦旅馆之谜,kiddy
伯特伦旅馆之谜,瓦尔特的拳头
光荣之子,范同学
光荣之子,优游卒岁
光荣之子,擦肩而過™懶
光荣之子,大梦难觉
光荣之子,老羊
光荣之子,flyingchips
光荣之子,snowdj
光荣之子,TIMpro
光荣之子,fullflower
科学睡眠2,第二岛
失控的校园,糖果魔法师。
失控的校园,可俗可雅的猪
失控的校园,muzer
失控的校园,优游卒岁
失控的校园,重庆智涂彩印社
失控的校园,柳具足
失控的校园,[已注销]
失控的校园,蚊子
失控的校园,蝙蝠
失控的校园,波妞儿盼
失控的校园,[已注销]
失控的校园,刀刀令
失控的校园,I DONT NOW
失控的校园,璇璇
失控的校园,狐狸
失控的校园,徐可
失控的校园,Lirik
失控的校园,Yuki
失控的校园,李药
失控的校园,田蕴杰_crazysle
失控的校园,秋阶影
失控的校园,rrroooddd
失控的校园,Sodom程
失控的校园,忘记
失控的校园,Auphoe
失控的校园,气急败坏女疯子
失控的校园,YY|Bazinga!!!
伊斯坦布尔的幸福,Skyhorsebook
伊斯坦布尔的幸福,Danys ┇┇ 蓄须专用
伊斯坦布尔的幸福,Li
伊斯坦布尔的幸福,chequel
伊斯坦布尔的幸福,气泡君
伊斯坦布尔的幸福,自由体
伊斯坦布尔的幸福,baby holy
伊斯坦布尔的幸福,天外飞青
伊斯坦布尔的幸福,Mr.Fragile
少年导演,Hello王錦鯉
少年导演,嘉沐難再續.K
少年导演,Mellr
少年导演,天使爱美丽
少年导演,Chih Choi
少年导演,前途无亮
少年导演,东禾
少年导演,鸟屎
少年导演,胖子多喘-kevin
战鼓,Phaedrus_hk
战鼓,蓝色阿威
战鼓,成都越
战鼓,苏小否
战鼓,wingsofdesire
战鼓,失眠的灯
战鼓,上上山山
我和托马斯,侯国涛
我和托马斯,長腿叔叔
我和托马斯,云学time
我和托马斯,小雨伞千金
男人上路,華
男人上路,迷茫的辉煌光环
男人上路,萨尔卡
男人上路,Sirenfairy
动物之森,草虫
动物之森,發條丸子Emily
动物之森,Wing貓
动物之森,Shell
动物之森,彼得熊猫
沉重的决定,Uli Stein
沉重的决定,处处闻啼鸟
沉重的决定,石晓菲
沉重的决定,Confucius
沉重的决定,幻莘魔瞳
沉重的决定,leon
沉重的决定,石门路的树
婚纱,轨栋衫净
勒克瑙之花,莉莉西雅
勒克瑙之花,饿瘦的猫
勒克瑙之花,孜孜她不倦
勒克瑙之花,ROSA❤
勒克瑙之花,棠棠
勒克瑙之花,小草
勒克瑙之花,桃子天下第一
勒克瑙之花,ISIS吴小姝
两周,Marina
两周,袋鼠
两周,放养的狐狸小姐
两周,shuer18
两周,Blazing_CD
两周,novy
两周,小宗
两周,小宗
两周,onlyhoney
布加勒斯特东12点8分,克莱因瓶里的猫
布加勒斯特东12点8分,喝醉了他的梦
布加勒斯特东12点8分,暗涌
布加勒斯特东12点8分,alcoolique
布加勒斯特东12点8分,优游卒岁
布加勒斯特东12点8分,vincentspring
布加勒斯特东12点8分,会飞的兔子
布加勒斯特东12点8分,kylegun
布加勒斯特东12点8分,五十米深藍
布加勒斯特东12点8分,铁皮人
布加勒斯特东12点8分,璇璇
布加勒斯特东12点8分,猜猜
布加勒斯特东12点8分,lllllllllllllll
布加勒斯特东12点8分,子饭涨
布加勒斯特东12点8分,K
布加勒斯特东12点8分,haidb
梦比优斯奥特曼和奥特兄弟,Athumani
梦比优斯奥特曼和奥特兄弟,好无聊啊！
梦比优斯奥特曼和奥特兄弟,Vv素素
梦比优斯奥特曼和奥特兄弟,笑熬浆糊
梦比优斯奥特曼和奥特兄弟,k
梦比优斯奥特曼和奥特兄弟,ttsuba
梦比优斯奥特曼和奥特兄弟,hydist
喀布尔快递,dewpearl
喀布尔快递,e-生存之道
喀布尔快递,卡爸
喀布尔快递,阿登
喀布尔快递,洛城上空的麦田
喀布尔快递,愚溪
喀布尔快递,绯色_神仙
喀布尔快递,天线大人
喀布尔快递,tropic
喀布尔快递,RainBow
同名人,和也
同名人,bingchun
同名人,芷宁
同名人,faye菲草
同名人,周南
同名人,金刀少爷
同名人,政道|Dor
同名人,Juicelin
同名人,Chillax
同名人,狐小花
同名人,依米花的守候
同名人,某人
同名人,Iowafarmer
同名人,万源一
同名人,yixiang
同名人,SUSU
同名人,厶匕
同名人,ＴＹ
同名人,Jean
同名人,这只猫
同名人,VIVI DURGA
黑帮大佬和平梦,Daneestone
黑帮大佬和平梦,北京小秾
黑帮大佬和平梦,颖子
黑帮大佬和平梦,夏小米爱利物浦
黑帮大佬和平梦,左加菲
黑帮大佬和平梦,舜若多
黑帮大佬和平梦,王小胖
黑帮大佬和平梦,郑小不
黑帮大佬和平梦,Router
黑帮大佬和平梦,马尔代夫
黑帮大佬和平梦,浮世鸿云
黑帮大佬和平梦,涅瓦纳
黑帮大佬和平梦,Sanmark
黑帮大佬和平梦,文化暴徒
黑帮大佬和平梦,晨藜
黑帮大佬和平梦,文以载道
黑帮大佬和平梦,mina🐟
黑帮大佬和平梦,Glenlivet
黑帮大佬和平梦,十三
黑帮大佬和平梦,宇宙第一帅
黑帮大佬和平梦,马戏团精神
黑帮大佬和平梦,windy
黑帮大佬和平梦,加油Girl
黑帮大佬和平梦,D.Wii
长途漫步,电影爱好者
长途漫步,jie
长途漫步,明风
长途漫步,傲寒
长途漫步,如初
长途漫步,维纳斯的救赎
长途漫步,飞行的长老
长途漫步,sorrydreams
长途漫步,Maggie
长途漫步,小Ｄ
长途漫步,未若柳絮
长途漫步,毛绒土豆脑袋
长途漫步,大象植树
大器晚成,Renee雨蕾
大器晚成,Orange
大器晚成,雅诗兰豆
大器晚成,月岛雯
大器晚成,有猫阿宅
大器晚成,罗拉。
大器晚成,莫言
乔丹传奇-二十年的统治,清风拂过山岗
乔丹传奇-二十年的统治,dash
乔丹传奇-二十年的统治,李小艾❤AI
乔丹传奇-二十年的统治,鱼在飞。
乔丹传奇-二十年的统治,高昕昕
探索频道： 非洲超级七兽,[已注销]
探索频道： 非洲超级七兽,晓走
像土豆一样的信仰,半瓶客
像土豆一样的信仰,heheaiyesu
像土豆一样的信仰,蚂蚁骑士
像土豆一样的信仰,舟
像土豆一样的信仰,Paper Filler
像土豆一样的信仰,[已注销]
像土豆一样的信仰,黄段无誉祸
像土豆一样的信仰,lupco
像土豆一样的信仰,艾斯特
列国图志之巴西,20楼。
列国图志之巴西,贱草
飞,❤艾平凡❤
飞,面
飞,老豆腐
飞,lilyrose
飞,舟戏涛海
飞,Haiii
飞,鱼某某、
飞,玉面飞龙
飞,云游的猫
飞,Carf
紫陀螺,狄易之
紫陀螺,XX九
紫陀螺,一米阳光
紫陀螺,一株毛毛草
紫陀螺,一朵绿色太阳花
紫陀螺,起子开的易拉罐
紫陀螺,扑蝶
紫陀螺,夜之逆流
紫陀螺,紫芝冰蓝
紫陀螺,echo_fairy
紫陀螺,21°红荼
紫陀螺,十月
紫陀螺,ha  ha
紫陀螺,21°红荼
紫陀螺,tina
来自俄亥俄的获奖者,seren
来自俄亥俄的获奖者,太阳桐子
来自俄亥俄的获奖者,k。
来自俄亥俄的获奖者,影生人
来自俄亥俄的获奖者,DL豆瓣笔记
来自俄亥俄的获奖者,酥酥
来自俄亥俄的获奖者,纯真信仰
来自俄亥俄的获奖者,记录
来自俄亥俄的获奖者,程小七
来自俄亥俄的获奖者,約書亞李
来自俄亥俄的获奖者,诗斯
来自俄亥俄的获奖者,袁春楠
来自俄亥俄的获奖者,蔻蔻42㊣
来自俄亥俄的获奖者,cheervivian
威尔和格蕾丝 告别秀,Yum
威尔和格蕾丝 告别秀,一棵树
威尔和格蕾丝 告别秀,山药蛋儿
威尔和格蕾丝 告别秀,一束麦香
威尔和格蕾丝 告别秀,莫器店老板娘
彼得调频,湛卢
彼得调频,我是卡机你造嘛
彼得调频,流浪歌手的情人
彼得调频,打伞的鱼
彼得调频,安德里安
彼得调频,筱希
彼得调频,咩咩牙
彼得调频,咩咩牙
彼得调频,lisaai
彼得调频,咩咩牙
彼得调频,无敌必胜豆
彼得调频,yin><инь
四月某时,rock
四月某时,szgz
四月某时,mimidao
四月某时,e-生存之道
四月某时,优游卒岁
四月某时,让爱先行
四月某时,艳子Sophia
四月某时,黑路
四月某时,热巴女郎
四月某时,archi
四月某时,摩登土佬
四月某时,molanie
机动战士Z高达Ⅲ 星辰的鼓动是爱,東亜
机动战士Z高达Ⅲ 星辰的鼓动是爱,杨山魈
煦阳岭的疑云,air一路里?
魔手,玫瑰水母
魔手,玫瑰水母
盲者之国,厄庇墨透斯
盲者之国,mimidao
盲者之国,Mr.Nobody
盲者之国,流光幻王
盲者之国,Cassandra
盲者之国,肉斗
小鹿斑比2,小瓶盖
小鹿斑比2,林三郎
长矛的尖端,大作家写作软件
长矛的尖端,pipi
长矛的尖端,洛茜
长矛的尖端,雪索索
长矛的尖端,夜观风
长矛的尖端,恶魔猫
苍穹之法芙娜：逝者的权利,Agatha
苍穹之法芙娜：逝者的权利,安杰丽卡SS
我的家人和其他动物,july
我的家人和其他动物,空空空大士
我的家人和其他动物,叼烟的戈达尔
伊丽莎白,壁花酱
爱是漫长旅程,耳朵
爱是漫长旅程,Grace
梦魇疯人院,合纥
梦魇疯人院,心的漫游
梦魇疯人院,hisoul
梦魇疯人院,ॐ  缝人
梦魇疯人院,致穷
梦魇疯人院,Spinoooooza酱
梦魇疯人院,点点
梦魇疯人院,微不足道
梦魇疯人院,earsc
梦魇疯人院,发不沾霓
梦魇疯人院,令狐盈盈
梦魇疯人院,jazzorange
梦魇疯人院,深海游蓝
梦魇疯人院,LukeYan卍
梦魇疯人院,SM
梦魇疯人院,&
梦魇疯人院,海 盗 砰 恰 恰
梦魇疯人院,捉҉依҉茵
蝉时雨,伊伊来福
蝉时雨,六月抹茶
蝉时雨,oleander
蝉时雨,[已注销]
蝉时雨,冬冬
蝉时雨,chongbei
蝉时雨,mimidao
蝉时雨,过于喧嚣的孤独
蝉时雨,mimitaotao
蝉时雨,夏草季节
蝉时雨,花京
蝉时雨,风满蜃气楼
蝉时雨,Luckycoat
蝉时雨,哈哈猫
蝉时雨,完颜穆尔登格
蝉时雨,小世界jl
蝉时雨,歌
蝉时雨,眼君
蝉时雨,素泽
蝉时雨,何金银
蝉时雨,LITTLE J
蝉时雨,傻瓜才悲伤
蝉时雨,laimeng
蝉时雨,猫儿眼
蝉时雨,云千一月
蝉时雨,流动的萤火
蝉时雨,另一块砖
蝉时雨,象山
蝉时雨,dreamer
战场上的小人球,★☆☆☆☆
战场上的小人球,殳毓
战场上的小人球,影生人
战场上的小人球,Nikola Tesla
战场上的小人球,看見了。
战场上的小人球,巴乌
战场上的小人球,梵高的小麦粒
战场上的小人球,涅瓦纳
战场上的小人球,馬金馨
战场上的小人球,法豆
战场上的小人球,L
战场上的小人球,巴伐利亚酒神
战场上的小人球,cow-boy
战场上的小人球,这是
绘画抑制9,涅宁尼
绘画抑制9,蒙多
绘画抑制9,舒农
绘画抑制9,alien
绘画抑制9,好奇的葵爷爷
绘画抑制9,只有变没有变
绘画抑制9,YUEXIN
古巴万岁,dondevoy™
古巴万岁,泡芙味的草莓
古巴万岁,Miss Lucky
古巴万岁,喃 大 丢.ai
古巴万岁,R.S.史崔特
古巴万岁,451½°F™
古巴万岁,勾搭侠前传
古巴万岁,绿色阳光
古巴万岁,arcane
古巴万岁,canna
古巴万岁,Arch Wallave
古巴万岁,Cannavas
古巴万岁,风雨长安
古巴万岁,amigo
古巴万岁,安
古巴万岁,借物の阿莉埃蒂
古巴万岁,provence
古巴万岁,安和利卡 
古巴万岁,炭烧三文鱼
古巴万岁,Γαλήνη
古巴万岁,jetty
古巴万岁,木质卷曲
古巴万岁,优游卒岁
古巴万岁,安静的大猫^.^=
古巴万岁,婧
12岁的少年,夜观风
12岁的少年,布宜諾斯
12岁的少年,matchbox
12岁的少年,禦用大水
12岁的少年,思阳
12岁的少年,Sleeping Sun
12岁的少年,该Yann你去光禹
12岁的少年,robin
12岁的少年,不良西后
12岁的少年,小把戏
12岁的少年,阿拉拉臥冰
12岁的少年,zy20009
12岁的少年,绿色阳光
12岁的少年,小菜
12岁的少年,山鬼
12岁的少年,xuck
12岁的少年,伊麗莎白
12岁的少年,yeoman
12岁的少年,baylee
12岁的少年,响亮
12岁的少年,dddddddddd
12岁的少年,moby永远叫moby
12岁的少年,白鱼吻
12岁的少年,大象用鼻子洗澡
12岁的少年,后窗
12岁的少年,麦田
记得童年那首歌,影志
记得童年那首歌,米唐美
记得童年那首歌,棉花
记得童年那首歌,Pris&Pris
记得童年那首歌,科学怪人
记得童年那首歌,张三
小黄狗的窝,Lin先生ღ
小黄狗的窝,小小风也
小黄狗的窝,过于喧嚣的孤独
小黄狗的窝,大鸟信天翁
小黄狗的窝,渡口
小黄狗的窝,泛芗子
小黄狗的窝,kavkalu
小黄狗的窝,seamouse
小黄狗的窝,布棉
小黄狗的窝,悟怡
小黄狗的窝,榴莲酥饼
小黄狗的窝,红素酒吧客栈
小黄狗的窝,rowdy
小黄狗的窝,毛利人
小黄狗的窝,小将
小黄狗的窝,anonydb0
小黄狗的窝,pansin
小黄狗的窝,夏弥
小黄狗的窝,kiki204629
小黄狗的窝,Lov'in Poodle
小黄狗的窝,movingdust
小黄狗的窝,莫子這名不能改
小黄狗的窝,我是什么
小黄狗的窝,西山红叶
小黄狗的窝,99重阳
小黄狗的窝,随缘
小黄狗的窝,我是孟筱
小黄狗的窝,晚晚
小黄狗的窝,薄荷叶
小黄狗的窝,柏邦妮
小黄狗的窝,蓝皮
小黄狗的窝,Jintao
斯蒂威.格瑞菲:未曝光的故事,kissjessica
秋雨,火页心尤
秋雨,猫皂
秋雨,你豆非我豆
秋雨,chaos
秋雨,listen
秋雨,呐
秋雨,宝珞
秋雨,袋鼠
秋雨,湖之灵
秋雨,蔕
秋雨,sisi
秋雨,佬猿
秋雨,李姥姥
秋雨,reneecoldwater
秋雨,阿颛
秋雨,Misssu320
秋雨,SeconSpring
秋雨,像要飞起来啦
秋雨,星辰之眼
秋雨,酒糟蛋花汤Kiki
秋雨,5ive
秋雨,杜不乐
秋雨,mangojune
秋雨,神仙鱼儿游
秋雨,大大大大可乐丶
秋雨,小雪
秋雨,忘记
无知的声音,紫茉莉
无知的声音,两洋之间
无知的声音,kavkalu
无知的声音,石头摇篮
无知的声音,Adrian Zhu
无知的声音,更觉璀璨
无知的声音,是我是我.♥
无知的声音,米
无知的声音,寒涵學者
无知的声音,馮小鳳
无知的声音,思阳
无知的声音,叉叉小箭猪
无知的声音,Crow
无知的声音,哈默林騎士
绅士的启示联盟,杯具的诞生
绅士的启示联盟,jiejie8297
绅士的启示联盟,Adrian Zhu
机动战士Z高达：星之继承者,華仔
机动战士Z高达：星之继承者,californium（锎）
杀戮禁区,南疆赵敏
杀戮禁区,Amelia
杀戮禁区,芷宁
杀戮禁区,sooda杨
杀戮禁区,大风
杀戮禁区,张楠
杀戮禁区,Shine
杀戮禁区,牧童
杀戮禁区,紫苏叶子
杀戮禁区,小艾尔
杀戮禁区,MR.X.NW
杀戮禁区,空城
杀戮禁区,野竹林
杀戮禁区,长泽雅痞
杀戮禁区,Tiramisu
杀戮禁区,爱不赖
杀戮禁区,1900顽石
杀戮禁区,晴天宝宝~
杀戮禁区,非良人何须情深
杀戮禁区,八月
亚当的苹果,优游卒岁
亚当的苹果,此去经年
亚当的苹果,泡芙味的草莓
亚当的苹果,mnmn7
亚当的苹果,Nosferatu
亚当的苹果,皮X鲁
亚当的苹果,Baby Blue
亚当的苹果,王小妞
亚当的苹果,蘇門
亚当的苹果,Dahmer Tah
亚当的苹果,桐羽
亚当的苹果,zglacier
亚当的苹果,世界尽头
亚当的苹果,罗夏
亚当的苹果,非人类shang
亚当的苹果,泥睨
亚当的苹果,周杰伦拥趸
亚当的苹果,leochiyoung
亚当的苹果,桑门威尔
亚当的苹果,myfreewill
亚当的苹果,红兔子
亚当的苹果,铃依蝉
亚当的苹果,枫影
亚当的苹果,文士
亚当的苹果,镜孖
亚当的苹果,OLIVE
亚当的苹果,渲染你的微笑
亚当的苹果,小胡子
亚当的苹果,拾荒者
圣·拉尔夫,August
圣·拉尔夫,三个人
圣·拉尔夫,啃书虫
圣·拉尔夫,殳仓
圣·拉尔夫,九段
圣·拉尔夫,liove
圣·拉尔夫,阿九
圣·拉尔夫,因风之故
圣·拉尔夫,伐木工
圣·拉尔夫,否极泰来
圣·拉尔夫,袋鼠
圣·拉尔夫,Heidi 幽幽滴
圣·拉尔夫,姬·三十
我们的音乐,seamouse
我们的音乐,故城
我们的音乐,吴昊昊
生命国界,王不了
生命国界,[已注销]
生命国界,logten
生命国界,xjc_jovi
生命国界,糊涂羊倌
生命国界,Bubo堂
生命国界,i
生命国界,逍遥小小兽
生命国界,cabo
生命国界,Mo
生命国界,微茫
生命国界,龙五
生命国界,Musicstore
生命国界,光影我世界
生命国界,绿色阳光
生命国界,Fwolf
生命国界,logten
生命国界,黑色的眼睛
生命国界,千亿星
生命国界,偶遇最恶少年
替天行道三人行,阿卡狄亚
替天行道三人行,鲸鱼与蝴蝶
替天行道三人行,alien
替天行道三人行,韦檹
替天行道三人行,思阳
替天行道三人行,蟲
替天行道三人行,anecdote
替天行道三人行,_格子格子格
替天行道三人行,羊家™
替天行道三人行,不一定鼠
替天行道三人行,盒中甲虫
替天行道三人行,遥飞
替天行道三人行,阿朱
替天行道三人行,秋火
替天行道三人行,skyplayer
替天行道三人行,霍夫曼
替天行道三人行,hector
替天行道三人行,0
替天行道三人行,猫猫头
布拉格狂想曲,dac
布拉格狂想曲,暗涌
布拉格狂想曲,四叶乍浆草
布拉格狂想曲,农夫
布拉格狂想曲,悦燃
布拉格狂想曲,毛利
布拉格狂想曲,钟绿梅
布拉格狂想曲,石头摇篮
布拉格狂想曲,说的就是你
布拉格狂想曲,向前My Life
布拉格狂想曲,yoyoyo
布拉格狂想曲,今天晴
布拉格狂想曲,左边的强迫症
布拉格狂想曲,wujianfeng
布拉格狂想曲,清蒸鱼
小熊维尼之长鼻怪大冒险,Angel
小熊维尼之长鼻怪大冒险,红鹦展翅
黑色的风采,嗨！
黑色的风采,嘉沐難再續.K
黑色的风采,板砖
黑色的风采,舒大雁
黑色的风采,生
黑色的风采,malili
黑色的风采,xgh
黑色的风采,晶晶姑娘（宁波）
黑色的风采,看不见听不见摸不见时候做什么呢
黑色的风采,小米妹儿
奥斯维辛,雪莱
奥斯维辛,heyamore
奥斯维辛,孤柏岩上的树
国王与王后,骨先生
国王与王后,JuvenLee
国王与王后,Jie
国王与王后,woniu2048
国王与王后,璇璇
国王与王后,ChangShihyoung
国王与王后,matchbox
国王与王后,小白吐
黑熊维尼,嘉年华会
黑熊维尼,艾斯跳梨
黑熊维尼,小秋同学
黑熊维尼,秦之小溪
黑熊维尼,Sissi
黑熊维尼,红鹦展翅
爱无国界,芊墨
爱无国界,xygh
爱无国界,W.ANG
爱无国界,Echo
爱无国界,沉鱼蓝
爱无国界,涅瓦纳
爱无国界,赤菟
爱无国界,老妇女
爱无国界,飞虎骏马
爱无国界,末小淘
爱无国界,紫色丁香
爱无国界,Precious.
爱无国界,Moon
爱无国界,somnus
爱无国界,长相依
爱无国界,杨卫东
爱无国界,Padma·蓮
爱无国界,冰雪
爱无国界,37°B
爱无国界,j.m
爱无国界,飞虎骏马
爱无国界,飞虎骏马
爱无国界,葱
爱无国界,紫色丁香
爱无国界,王小妞
爱无国界,小雪
爱无国界,大大大大可乐丶
安徒生之童话人生,无聊
安徒生之童话人生,静@Einfühlung
安徒生之童话人生,何淼淼
安徒生之童话人生,piekny.c
安徒生之童话人生,阿沅
安徒生之童话人生,大作家写作软件
安徒生之童话人生,无名的小花
安徒生之童话人生,女巫helen
蠢蛋玩世界,Flowerchild
劳拉的星星,老苞米
劳拉的星星,小酉Eric
劳拉的星星,一嘟噜
劳拉的星星,尚荃
劳拉的星星,irika
劳拉的星星,kiki204629
劳拉的星星,lila von su
劳拉的星星,ami
劳拉的星星,橘生淮南长相思
春天花盛开,啦滴哒
春天花盛开,薄荷绿
春天花盛开,小五
春天花盛开,路得
春天花盛开,尛麥
春天花盛开,[已注销]
春天花盛开,柯南
春天花盛开,red harmonica
春天花盛开,樱桃岛屿
春天花盛开,独孤浑咎风
春天花盛开,全场七折嘉
春天花盛开,近秋
春天花盛开,King
春天花盛开,托马斯回旋棒
春天花盛开,忘记
撼动生命,霸王硬上龙
撼动生命,[已注销]
撼动生命,昏不清
撼动生命,shixuqing
撼动生命,Happybeibei
撼动生命,Reason Sonar
撼动生命,江户川歌磨
撼动生命,[已注销]
撼动生命,Liz
撼动生命,小麦今天不在家
其实在天堂,电影爱好者
其实在天堂,jidian（基甸）
其实在天堂,摩卡心情
其实在天堂,简
其实在天堂,极度寒冷
其实在天堂,雨馨
其实在天堂,檀香
其实在天堂,静@Einfühlung
其实在天堂,桐羽
其实在天堂,[已注销]
其实在天堂,ricecream
其实在天堂,呵呵哈哈
其实在天堂,guuuu
其实在天堂,潇湘竹
其实在天堂,大树
其实在天堂,毛竹
其实在天堂,花小李
其实在天堂,黎黎的天空
其实在天堂,biflawefef
其实在天堂,asself
其实在天堂,大海
其实在天堂,麦猪猪
其实在天堂,海无边
其实在天堂,春山流水
其实在天堂,momo
其实在天堂,静若止水
其实在天堂,阿诚
其实在天堂,mad dog
其实在天堂,呆之何呆
其实在天堂,小鱼666
其实在天堂,渲染你的微笑
其实在天堂,加载中
上学路上,J
上学路上,九个远方
上学路上,我要去荷兰
上学路上,老羊
上学路上,月末
上学路上,ROSAN
上学路上,mahaha
上学路上,阿斯巴拉
上学路上,江锌枝
上学路上,江山吴
上学路上,半虾，
上学路上,_jerald
上学路上,沈墨
上学路上,咖啡照常搅拌
上学路上,不小可
上学路上,kiki
上学路上,WinRaT
上学路上,ZZB
上学路上,聍
上学路上,萧墟
上学路上,安全感
上学路上,2019会笑的星星
上学路上,失心疯
上学路上,xiao华
上学路上,lily_yan
上学路上,eugne
上学路上,JasonXie
上学路上,红猪
上学路上,24格
上学路上,川叶
上学路上,gibeon
上学路上,绿水高山
在天堂遇见的五个人,糖果魔法师。
在天堂遇见的五个人,泡芙味的草莓
在天堂遇见的五个人,乔大路
在天堂遇见的五个人,eyofoaix
在天堂遇见的五个人,vividboy
在天堂遇见的五个人,？！......
在天堂遇见的五个人,六月的夏
在天堂遇见的五个人,dongxi0
在天堂遇见的五个人,lafee林小一
在天堂遇见的五个人,[已注销]
在天堂遇见的五个人,++
在天堂遇见的五个人,👹Summer
在天堂遇见的五个人,起风了
在天堂遇见的五个人,Zoey'Ma
在天堂遇见的五个人,春春
在天堂遇见的五个人,何维乐
在天堂遇见的五个人,mild life
在天堂遇见的五个人,九天揽月
在天堂遇见的五个人,苏小旗
在天堂遇见的五个人,jazzy11
在天堂遇见的五个人,BeyongF
在天堂遇见的五个人,氢氧化钙
在天堂遇见的五个人,Kiddy
在天堂遇见的五个人,三个圆点
在天堂遇见的五个人,亵渎电影
在天堂遇见的五个人,蔡鸟
在天堂遇见的五个人,2heros
在天堂遇见的五个人,ICE CHAN
在天堂遇见的五个人,小葱
在天堂遇见的五个人,relaxrain
在天堂遇见的五个人,chelsea
在天堂遇见的五个人,凡凡风顺
海洋热,果酱☮
海洋热,岑寂
海洋热,luka
海洋热,fanmu
海洋热,叶酱
海洋热,kavkalu
海洋热,亲爱的1969
海洋热,沙丁鱼2
海洋热,brucas
海洋热,自然醒
海洋热,三子
海洋热,豆浆人儿
海洋热,巴鸡！
海洋热,鹿头吃掉了猪头
海洋热,Echo
海洋热,[已注销]
海洋热,[已注销]
海洋热,天鉴
海洋热,王小坏
海洋热,Spelling。
海洋热,HYU
海洋热,ªrei
海洋热,国际宠儿
海洋热,Train
海洋热,哈默林騎士
海洋热,动力板儿砖
海洋热,cristine
海洋热,Rock Otaku
公共王国的旅行,二嗲萌
公共王国的旅行,赵丫丫
公共王国的旅行,高深莫测的智障
公共王国的旅行,shortgun
关于浪漫时代的一个漫长婚约,茉莉陈
关于浪漫时代的一个漫长婚约,曾西涯
关于浪漫时代的一个漫长婚约,when
狮路历程,Brooke海拾
狮路历程,joanna
土地与尘埃,ilangge
土地与尘埃,魏晓波
土地与尘埃,资宝
土地与尘埃,特立独行的麦兜
土地与尘埃,mmm
土地与尘埃,ilangge
勇踏星途,fantom
勇踏星途,Jessica
勇踏星途,Joy
勇踏星途,lydia
勇踏星途,然
勇踏星途,伊卡洛斯
勇踏星途,去贱吧别带上我
勇踏星途,tingting
勇踏星途,汽车之家南充
勇踏星途,collins
勇踏星途,小宋Lynn
勇踏星途,brave new girl
给坏小子的歌,羊梦翩翩
给坏小子的歌,blackdog
天作之盒,歌诗慕
天作之盒,LukeLin
天作之盒,LC
天作之盒,lakin5266
天作之盒,D.C.
天作之盒,夏树
天作之盒,淺淺陽光不負流
天作之盒,[已注销]
天作之盒,[已注销]
天作之盒,小灯泡
天作之盒,小灯泡
天作之盒,上帝给我盒子
天作之盒,迷途小书僮
天作之盒,败犬奇葩
天作之盒,海豚宝宝
天作之盒,牧羊犬
天作之盒,我是大美、大美是我
天作之盒,过了河的卒子
乡村照相馆,vitality
乡村照相馆,冰糖花木鱼
乡村照相馆,听白zoe
乡村照相馆,rurouninn
维纳斯宾馆,囧大仙
维纳斯宾馆,HrR
维纳斯宾馆,[已注销]
维纳斯宾馆,flyingjane
维纳斯宾馆,安诗羽
维纳斯宾馆,Gold5Unicon
维纳斯宾馆,matchbox
维纳斯宾馆,悲剧的桔子酱
维纳斯宾馆,百里长歌
维纳斯宾馆,任鱼
维纳斯宾馆,小梓
维纳斯宾馆,烟熏土豆
维纳斯宾馆,Phoebe
米开朗基罗,豆豆
米开朗基罗,鲁伊纪朗
米开朗基罗,半夏
暹罗复兴,mee
暹罗复兴,张七个小米
暹罗复兴,共清觞
暹罗复兴,漪雪浮泉
暹罗复兴,巴蛮子
暹罗复兴,水灵龙
暹罗复兴,雪见羞
暹罗复兴,snail
暹罗复兴,l梨兮
老子,公子小白。
老子,石原希理
老子,鸢岚のゆめ
老子,hazy
老子,Melpomene.
女权天使,子文东
女权天使,流光似水
女权天使,putao
女权天使,Tina Su
女权天使,淡咖
女权天使,omg
女权天使,刀刀
女权天使,小歌
女权天使,sammismile
女权天使,兔小白
女权天使,沈园清客
女权天使,有猫阿宅
女权天使,婧中人
女权天使,体验岛
女权天使,susan
女权天使,Sibel.q
女权天使,LEO
女权天使,Bill
女权天使,spud
女权天使,徐长卿
最后的木琴师,风老邪
最后的木琴师,中国海道
最后的木琴师,L小姐
最后的木琴师,文化暴徒
最后的木琴师,一个人就像霜满天的冷
最后的木琴师,晴朗云天·苍梧
最后的木琴师,记录
最后的木琴师,nicy🌈
最后的木琴师,seven
最后的木琴师,相思成灾2017
森林鲁滨逊,Soya
森林鲁滨逊,oceandeep
森林鲁滨逊,Dr.澹台
森林鲁滨逊,如花和尚
森林鲁滨逊,Emre
森林鲁滨逊,南区天空
萨拉邦德,欢乐分裂
萨拉邦德,picnic
萨拉邦德,木格
萨拉邦德,鱼化石甜品店
萨拉邦德,恐慌性杀跌
萨拉邦德,璇璇
萨拉邦德,伯格曼的低诉
萨拉邦德,[已注销]
萨拉邦德,picnic
萨拉邦德,瓣
萨拉邦德,吴昊昊
萨拉邦德,韩子路
萨拉邦德,白静草原
去往蒙巴萨的单程票,乱室
去往蒙巴萨的单程票,伯爵
去往蒙巴萨的单程票,Claire White
去往蒙巴萨的单程票,时空旅行的哲学
去往蒙巴萨的单程票,香取
去往蒙巴萨的单程票,小妖
去往蒙巴萨的单程票,ℨℨℨ
去往蒙巴萨的单程票,囧了啊
去往蒙巴萨的单程票,sky
去往蒙巴萨的单程票,渡鸦的挽歌
去往蒙巴萨的单程票,抑郁的大鸟
去往蒙巴萨的单程票,苏小六
去往蒙巴萨的单程票,瞳
去往蒙巴萨的单程票,bloodflower
去往蒙巴萨的单程票,Fei
去往蒙巴萨的单程票,青木
去往蒙巴萨的单程票,离净语
去往蒙巴萨的单程票,黑潮
去往蒙巴萨的单程票,放任自流吧
昭和歌谣大全集,lxy
昭和歌谣大全集,jj73浅之
昭和歌谣大全集,水清浅然
昭和歌谣大全集,水清浅然
昭和歌谣大全集,陳吉寶
昭和歌谣大全集,闲潭影
昭和歌谣大全集,树小喵
昭和歌谣大全集,枯
昭和歌谣大全集,[已注销]
昭和歌谣大全集,Hitomi
昭和歌谣大全集,まま、
昭和歌谣大全集,无间稻
昭和歌谣大全集,bailixixi
昭和歌谣大全集,风清窈
昭和歌谣大全集,TNK
昭和歌谣大全集,高尔吉亚
昭和歌谣大全集,帽子小姐
昭和歌谣大全集,Phantom
昭和歌谣大全集,多肉甜品屋
昭和歌谣大全集,象子
昭和歌谣大全集,Waldeinsamkeit
昭和歌谣大全集,越光辰
我美丽的守护天使,世彦心理
我美丽的守护天使,bluewater
我美丽的守护天使,kingfish
我美丽的守护天使,eva
我美丽的守护天使,[已注销]
我美丽的守护天使,梅薇丝
我美丽的守护天使,荼糜-美拉卓玛
我美丽的守护天使,lightttttt
我美丽的守护天使,小开心
我美丽的守护天使,荼糜-美拉卓玛
我美丽的守护天使,孩子
我美丽的守护天使,三汝解
我美丽的守护天使,华师一米心理
我美丽的守护天使,派爷
我美丽的守护天使,かすみ
真情电波,Ancora*山妮
真情电波,legolas
真情电波,adi
真情电波,闫琦
真情电波,Ye
真情电波,乳加力钙官网
庞贝古城：最后的一天,lowell
庞贝古城：最后的一天,豆芽
庞贝古城：最后的一天,:Brilliant
特蕾莎修女,匡匡
特蕾莎修女,暖聲
特蕾莎修女,稻草人
特蕾莎修女,Erin
特蕾莎修女,若ε❤з水
特蕾莎修女,Cloudya
特蕾莎修女,frankst
特蕾莎修女,负数是正数的情人
特蕾莎修女,Spring
特蕾莎修女,[已注销]
特蕾莎修女,其实我可以很萌
特蕾莎修女,Welfare
特蕾莎修女,墨神的凡龛
亚伯拉罕先生,aristos
亚伯拉罕先生,Dilly